label	parent	r	g	b	a	mass (kg)	sma (m)	ecc	inc(°)	lan(°)	aop(°)	ma(°)
sol	sol	1	1	0	1	1.988475e30	0	0	0	0	0	0
mercury	sol	1	1	1	1	0.330103e24	57909226500	0.20563593	7.00497902	48.33076593	29.124	174.796
venus	sol	0.5	0.5	0	1	4.86731e24	108209474000	0.00677672	3.39467605	76.67984255	54.884	50.115
earth	sol	0	0	1	1	5.97217e24	149598261000	0.01671123	-0.00001531	-11.26064	114.20783	358.617
mars	sol	1	0	0	1	0.641691e24	227943822000	0.09339410	1.84969142	49.55953891	286.5	19.412
jupiter	sol	1	0.5	0	1	1898.125e24	778340817000	0.04838624	1.30439695	100.47390909	273.867	20.020
saturn	sol	1	1	0.5	1	568.317e24	1426666410000	0.05386179	2.48599187	113.66242448	339.392	317.020
uranus	sol	0.5	1	0.5	1	86.8099e24	2870658170000	0.04725744	0.77263783	74.01692503	96.998857	142.238600
neptune	sol	0.5	0.5	1	1	102.4092e24	4498396420000	0.00859048	1.77004347	131.78422574	273.187	259.883
pluto-charon	sol	1	0.5	0.5	0	1.4615761e22	5.90638e12	0.2488	17.16	110.299	113.834	14.53
ceres	sol	0.5	0.5	0	1	938.416e18	414e9	0.0785	10.6	80.3	73.6	291.4
eris	sol	1	1	1	1	16600e18	10.126e12	0.44	44.18	36.02	151.66	205.11
makemake	sol	1	0.5	0.5	1	3100e18	6.8066e12	0.1604	29.002	79.441	296.065	170.497
haumea	sol	1	1	1	1	4006e18	6.4501e12	0.19642	28.2137	122.167	239.041	218.205
didymos	sol	1	1	1	1	5.4e11	245970000000	0.38385	3.4079	73.196	319.32	232.01
dimorphos-pre-impact	didymos	1	1	1	1	1.33e9	1.206e3	0	169.3			
dimorphos-post-impact	didymos	1	1	1	1	1.33e9	1.206e3	0.02	169.3			
moon	earth	1	1	1	1	7.3458759e22	384400e3	0.0554	5.16	125.08	318.15	135.27
phobos	mars	0.5	0.5	0.5	1	1.061e16	9375e3	0.015	1.1	169.2	216.3	189.7
deimos	mars	0.5	0.5	0.5	1	1.44e15	23457e3	0.000	1.8	54.3	0.0	205.0
io	jupiter	0.5	0.5	0	1	8.92964675e22	421800e3	0.004	0.0	0.0	49.1	330.9
europa	jupiter	0.5	0.5	1	1	4.79857270e22	671100e3	0.009	0.5	184.0	45.0	345.4
ganymede	jupiter	1	1	1	1	1.48147828e23	1070400e3	0.001	0.2	58.5	198.3	324.8
callisto	jupiter	1	1	1	1	1.0756606e23	1882700e3	0.007	0.3	309.1	43.8	87.4
amalthea	jupiter	0.5	0.5	0.5	1	2.4655e18	181400e3	0.003	0.4	282.9	180.1	310.6
thebe	jupiter	0.5	0.5	0.5	1	4.517e17	221900e3	0.018	1.1	340.4	26.6	182.1
adrastea	jupiter	0.5	0.5	0.5	1	2.1e15	129000e3	0.000	0.0	0.0	0.0	214.5
metis	jupiter	0.5	0.5	0.5	1	3.7e16	128000e3	0.000	0.0	0.0	0.0	166.0
himalia	jupiter	0.5	0.5	0.5	1	2.2706e18	11439000e3	0.160	28.4	64.2	321.1	78.3
elara	jupiter	0.5	0.5	0.5	1		11710700e3	0.212	27.8	112.8	129.9	346.9
pasiphae	jupiter	0.5	0.5	0.5	1		23463200e3	0.412	148.3	315.7	172.8	279.3
sinope	jupiter	0.5	0.5	0.5	1		23679300e3	0.262	157.3	308.0	354.3	157.4
lysithea	jupiter	0.5	0.5	0.5	1		11699100e3	0.117	27.7	9.2	48.3	328.5
carme	jupiter	0.5	0.5	0.5	1		23139200e3	0.261	164.6	115.5	6.5	259.5
ananke	jupiter	0.5	0.5	0.5	1		21029500e3	0.238	147.6	13.7	78.8	271.7
leda	jupiter	0.5	0.5	0.5	1		11145200e3	0.162	28.2	216.9	271.3	232.6
callirrhoe	jupiter	0.5	0.5	0.5	1		23789400e3	0.290	144.9	278.2	13.5	117.9
themisto	jupiter	0.5	0.5	0.5	1		7397000e3	0.257	44.3	202.7	236.3	289.1
magaclite	jupiter	0.5	0.5	0.5	1		23640100e3	0.421	149.9	292.2	309.9	116.1
taygete	jupiter	0.5	0.5	0.5	1		23103400e3	0.257	164.7	300.8	207.7	116.5
chaldene	jupiter	0.5	0.5	0.5	1		22926300e3	0.261	164.7	134.5	231.6	275.3
harpalyke	jupiter	0.5	0.5	0.5	1		20887500e3	0.239	147.8	35.6	104.3	255.4
kalyke	jupiter	0.5	0.5	0.5	1		23298000e3	0.261	164.7	37.7	240.5	224.9
iocaste	jupiter	0.5	0.5	0.5	1		21062300e3	0.223	148.7	268.9	91.4	182.0
erinome	jupiter	0.5	0.5	0.5	1		23027200e3	0.272	164.3	311.2	359.9	273.1
isonoe	jupiter	0.5	0.5	0.5	1		22976300e3	0.249	164.9	134.1	131.0	116.3
praxidike	jupiter	0.5	0.5	0.5	1		20931100e3	0.245	148.2	281.3	182.5	128.0
autonoe	jupiter	0.5	0.5	0.5	1		23785200e3	0.326	150.7	264.8	61.2	134.0
thyone	jupiter	0.5	0.5	0.5	1		20972700e3	0.235	147.6	240.8	105.1	242.5
hermippe	jupiter	0.5	0.5	0.5	1		21103600e3	0.220	150.2	330.3	277.2	158.6
aitne	jupiter	0.5	0.5	0.5	1		23059400e3	0.273	164.5	358.4	72.2	120.6
eurydome	jupiter	0.5	0.5	0.5	1		22894500e3	0.287	148.9	297.7	223.4	281.8
euanthe	jupiter	0.5	0.5	0.5	1		20822900e3	0.243	148.1	265.2	312.4	353.5
euporie	jupiter	0.5	0.5	0.5	1		19261900e3	0.148	145.5	63.4	109.5	56.4
orthosie	jupiter	0.5	0.5	0.5	1		20897800e3	0.294	144.2	212.4	244.7	161.1
sponde	jupiter	0.5	0.5	0.5	1		23538700e3	0.323	149.4	109.3	56.6	177.4
kale	jupiter	0.5	0.5	0.5	1		23047800e3	0.262	164.6	56.7	69.2	175.9
pasithee	jupiter	0.5	0.5	0.5	1		22840800e3	0.274	164.5	318.0	207.9	237.8
hegemone	jupiter	0.5	0.5	0.5	1		23342600e3	0.357	152.5	311.5	192.2	241.1
mneme	jupiter	0.5	0.5	0.5	1		20815800e3	0.240	147.8	0.9	50.1	236.1
aoede	jupiter	0.5	0.5	0.5	1		23773100e3	0.437	155.7	156.5	43.1	207.6
thelxinoe	jupiter	0.5	0.5	0.5	1		20972300e3	0.229	150.7	174.9	307.0	275.1
arche	jupiter	0.5	0.5	0.5	1		23093200e3	0.263	164.5	333.3	172.5	34.0
kallichore	jupiter	0.5	0.5	0.5	1		23017100e3	0.253	164.7	23.9	352.6	66.8
helike	jupiter	0.5	0.5	0.5	1		20911400e3	0.155	154.4	94.6	305.1	45.8
carpo	jupiter	0.5	0.5	0.5	1		17042300e3	0.415	53.3	52.1	90.5	336.6
eukelade	jupiter	0.5	0.5	0.5	1		23062400e3	0.274	164.7	200.4	290.1	234.2
cyllene	jupiter	0.5	0.5	0.5	1		23650000e3	0.421	146.8	253.6	174.6	153.3
kore	jupiter	0.5	0.5	0.5	1		24203300e3	0.338	141.7	324.2	135.3	40.6
herse	jupiter	0.5	0.5	0.5	1		23146700e3	0.258	164.4	299.5	344.1	123.1
s2010_j_1	jupiter	0.5	0.5	0.5	1		23185600e3	0.256	164.5	284.7	175.6	183.4
s2010_j_2	jupiter	0.5	0.5	0.5	1		20786900e3	0.244	148.0	357.3	28.8	292.5
dia	jupiter	0.5	0.5	0.5	1		12257900e3	0.232	29.1	293.9	164.1	320.9
s2016_j_1	jupiter	0.5	0.5	0.5	1		20796700e3	0.245	145.1	247.7	298.5	215.3
s2003_j_18	jupiter	0.5	0.5	0.5	1		20332800e3	0.102	145.7	166.8	86.2	252.5
s2011_j_2	jupiter	0.5	0.5	0.5	1		22903400e3	0.358	151.7	24.9	262.9	297.6
eirene	jupiter	0.5	0.5	0.5	1		23051300e3	0.263	164.7	180.0	86.4	336.7
philophrosyn	jupiter	0.5	0.5	0.5	1		22600200e3	0.221	146.1	234.3	0.9	88.9
s2017_j_1	jupiter	0.5	0.5	0.5	1		23739600e3	0.321	145.6	251.8	74.7	250.1
eupheme	jupiter	0.5	0.5	0.5	1		20763400e3	0.234	147.9	227.5	73.6	339.8
s2003_j_19	jupiter	0.5	0.5	0.5	1		23153100e3	0.264	164.6	21.9	186.8	196.9
valetudo	jupiter	0.5	0.5	0.5	1		18690100e3	0.217	34.5	291.2	316.3	90.5
s2017_j_2	jupiter	0.5	0.5	0.5	1		22949600e3	0.270	164.5	359.4	153.0	278.2
s2017_j_3	jupiter	0.5	0.5	0.5	1		20936500e3	0.238	147.9	27.9	105.7	235.4
pandia	jupiter	0.5	0.5	0.5	1		11479600e3	0.178	28.9	249.8	188.7	158.5
s2017_j_5	jupiter	0.5	0.5	0.5	1		23202000e3	0.261	164.7	42.3	292.5	69.3
s2017_j_6	jupiter	0.5	0.5	0.5	1		23251200e3	0.333	149.6	312.8	15.5	146.0
s2017_j_7	jupiter	0.5	0.5	0.5	1		20960400e3	0.235	147.4	264.9	288.7	353.0
s2017_j_8	jupiter	0.5	0.5	0.5	1		22819600e3	0.259	164.8	97.3	330.5	349.4
s2017_j_9	jupiter	0.5	0.5	0.5	1		21764200e3	0.197	155.4	245.3	276.4	243.3
ersa	jupiter	0.5	0.5	0.5	1		11399400e3	0.117	29.0	113.7	300.7	270.8
s2011_j_1	jupiter	0.5	0.5	0.5	1		23120800e3	0.269	164.7	253.5	50.4	225.4
s2003_j_2	jupiter	0.5	0.5	0.5	1		20992900e3	0.225	150.1	348.4	170.6	42.3
s2003_j_4	jupiter	0.5	0.5	0.5	1		22922300e3	0.327	148.3	175.4	208.8	216.5
s2003_j_9	jupiter	0.5	0.5	0.5	1		23195100e3	0.268	164.7	46.3	288.4	359.8
s2003_j_10	jupiter	0.5	0.5	0.5	1		23384400e3	0.257	164.6	155.7	187.6	272.8
s2003_j_12	jupiter	0.5	0.5	0.5	1		20959300e3	0.235	150.0	54.1	66.1	160.7
s2003_j_16	jupiter	0.5	0.5	0.5	1		20877500e3	0.238	147.8	5.3	55.6	298.2
s2003_j_23	jupiter	0.5	0.5	0.5	1		23824000e3	0.306	144.4	30.9	256.6	140.6
s2003_j_24	jupiter	0.5	0.5	0.5	1		22882400e3	0.263	164.6	208.7	84.1	121.6
s2011_j_3	jupiter	0.5	0.5	0.5	1		11716800e3	0.192	27.6	123.3	134.7	359.4
s2018_j_2	jupiter	0.5	0.5	0.5	1		11419700e3	0.152	28.3	91.8	288.6	115.5
s2018_j_3	jupiter	0.5	0.5	0.5	1		23400200e3	0.268	164.9	135.7	177.5	279.0
s2021_j_1	jupiter	0.5	0.5	0.5	1		20954700e3	0.228	150.5	241.1	20.6	129.1
s2021_j_2	jupiter	0.5	0.5	0.5	1		20926600e3	0.242	148.1	269.5	25.9	110.8
s2021_j_3	jupiter	0.5	0.5	0.5	1		20776600e3	0.239	147.9	141.7	218.6	167.9
s2021_j_4	jupiter	0.5	0.5	0.5	1		23019700e3	0.265	164.6	129.9	140.5	218.9
s2021_j_5	jupiter	0.5	0.5	0.5	1		23414600e3	0.272	164.9	154.4	273.4	236.5
s2021_j_6	jupiter	0.5	0.5	0.5	1		22870400e3	0.271	164.9	87.2	146.2	208.5
s2016_j_3	jupiter	0.5	0.5	0.5	1		22719300e3	0.251	164.6	36.8	94.7	59.1
s2016_j_4	jupiter	0.5	0.5	0.5	1		23113900e3	0.294	147.1	203.2	249.4	217.5
s2018_j_4	jupiter	0.5	0.5	0.5	1		16328500e3	0.177	50.2	52.1	285.0	138.3
s2022_j_1	jupiter	0.5	0.5	0.5	1		22744700e3	0.257	164.5	310.9	232.4	42.2
s2022_j_2	jupiter	0.5	0.5	0.5	1		23073400e3	0.263	164.7	47.7	357.0	98.9
s2022_j_3	jupiter	0.5	0.5	0.5	1		21015100e3	0.248	148.1	233.1	351.6	271.7
s2017_j_10	jupiter	0.5	0.5	0.5	1		21075800e3	0.209	145.1	329.6	195.3	157.7
s2017_j_11	jupiter	0.5	0.5	0.5	1		22991300e3	0.268	164.8	134.9	25.5	236.9
s2011_j_4	jupiter	0.5	0.5	0.5	1		11104600e3	0.128	28.5	342.4	46.2	314.6
s2018_j_5	jupiter	0.5	0.5	0.5	1		23269900e3	0.261	164.9	189.4	292.4	82.9
s2024_j_1	jupiter	0.5	0.5	0.5	1		23462100e3	0.273	164.7	272.4	108.8	147.7
s2011_j_5	jupiter	0.5	0.5	0.5	1		23527800e3	0.251	164.6	43.7	90.5	66.6
mimas	saturn	1	1	1	1	3.75093e19	186000e3	0.020	1.6	66.2	160.4	275.3
enceladus	saturn	1	1	1	1	1.08031e20	238400e3	0.005	0.0	0.0	119.5	57.0
tethys	saturn	1	1	1	1	6.174957e20	295000e3	0.001	1.1	273.0	335.3	0.0
dione	saturn	1	1	1	1	1.095486e21	377700e3	0.002	0.0	0.0	116.0	212.0
rhea	saturn	1	1	1	1	2.3064848e21	527200e3	0.001	0.3	133.7	44.3	31.5
titan	saturn	0.5	0.5	0	1	1.3451800e23	1221900e3	0.029	0.3	78.6	78.3	11.7
hyperion	saturn	1	1	1	1	5.5509e18	1481500e3	0.105	0.6	87.1	214.0	122.9
iapetus	saturn	1	1	1	1	1.8056587e21	3561700e3	0.028	7.6	86.5	254.5	74.8
phoebe	saturn	1	1	1	1	8.3123e18	12929400e3	0.164	175.2	192.7	240.3	308.0
helene	saturn	1	1	1	1	7200000000000000	377600e3	0.007	0.2	260.8	194.3	-64.5
telesto	saturn	1	1	1	1		295000e3	0.001	1.2	242.1	66.2	360.0
calypso	saturn	1	1	1	1		295000e3	0.001	1.5	326.6	221.6	-0.0
methone	saturn	1	1	1	1		194700e3	0.002	0.0	0.0	315.5	0.0
polydeuces	saturn	1	1	1	1		377600e3	0.019	0.2	167.5	94.1	359.0
janus	saturn	0.5	0.5	0.5	1	1.8971e18	151500e3	0.007	0.2	159.9	11.1	111.7
epimetheus	saturn	0.5	0.5	0.5	1	5.264e17	151400e3	0.020	0.3	189.8	96.3	197.2
atlas	saturn	0.5	0.5	0.5	1	5500000000000000	137700e3	0.001	0.0	0.0	82.3	289.1
prometheus	saturn	0.5	0.5	0.5	1	1.604e17	139400e3	0.002	0.0	0.0	341.9	135.4
pandora	saturn	0.5	0.5	0.5	1	1.39e17	141700e3	0.004	0.0	0.0	217.9	123.9
pan	saturn	0.5	0.5	0.5	1	4.2e15	133600e3	0.000	0.0	0.0	0.0	146.6
pallene	saturn	0.5	0.5	0.5	1		212300e3	0.004	0.2	304.3	194.9	2.0
daphnis	saturn	0.5	0.5	0.5	1		136500e3	0.000	0.0	0.0	0.0	153.6
anthe	saturn	0.5	0.5	0.5	1		198100e3	0.002	0.0	0.0	293.4	351.4
aegaeon	saturn	0.5	0.5	0.5	1		167500e3	0.000	0.0	0.0	0.0	4.4
ymir	saturn	0.5	0.5	0.5	1		22955600e3	0.338	172.3	204.5	45.3	167.5
paaliaq	saturn	0.5	0.5	0.5	1		14997700e3	0.378	48.5	353.2	237.6	318.2
tarvos	saturn	0.5	0.5	0.5	1		18216600e3	0.522	37.8	95.7	282.9	64.5
ijiraq	saturn	0.5	0.5	0.5	1		11344700e3	0.293	49.2	152.5	68.6	83.4
suttungr	saturn	0.5	0.5	0.5	1		19391900e3	0.116	175.7	253.2	65.0	171.0
kiviuq	saturn	0.5	0.5	0.5	1		11307400e3	0.275	48.0	352.7	91.8	183.2
mundilfari	saturn	0.5	0.5	0.5	1		18588200e3	0.211	167.1	79.2	305.4	299.0
albiorix	saturn	0.5	0.5	0.5	1		16329200e3	0.482	36.8	111.1	62.8	155.0
skathi	saturn	0.5	0.5	0.5	1		15575400e3	0.281	151.6	284.1	202.3	269.3
erriapus	saturn	0.5	0.5	0.5	1		17506900e3	0.475	37.1	146.2	279.8	14.3
siarnaq	saturn	0.5	0.5	0.5	1		17881100e3	0.308	47.8	64.0	68.4	62.7
thrymr	saturn	0.5	0.5	0.5	1		20330500e3	0.467	175.0	247.3	92.2	216.2
narvi	saturn	0.5	0.5	0.5	1		19285000e3	0.441	142.2	179.0	177.9	111.5
aegir	saturn	0.5	0.5	0.5	1		20664400e3	0.255	166.1	181.9	244.7	23.5
bebhionn	saturn	0.5	0.5	0.5	1		17027300e3	0.459	38.6	197.7	5.1	128.4
bergelmir	saturn	0.5	0.5	0.5	1		19268100e3	0.145	158.8	207.9	133.9	255.7
bestla	saturn	0.5	0.5	0.5	1		20337800e3	0.486	138.3	283.0	85.6	33.1
farbauti	saturn	0.5	0.5	0.5	1		20290700e3	0.249	156.2	138.0	343.6	9.0
fenrir	saturn	0.5	0.5	0.5	1		22330800e3	0.137	164.5	234.6	114.5	38.6
fornjot	saturn	0.5	0.5	0.5	1		24936800e3	0.213	170.0	269.3	321.9	53.5
hati	saturn	0.5	0.5	0.5	1		19695000e3	0.372	165.4	316.3	10.4	270.6
hyrrokkin	saturn	0.5	0.5	0.5	1		18340900e3	0.336	149.9	40.2	264.8	214.8
kari	saturn	0.5	0.5	0.5	1		22032100e3	0.469	153.0	288.3	160.2	83.1
loge	saturn	0.5	0.5	0.5	1		22919200e3	0.191	168.1	333.0	20.5	32.1
skoll	saturn	0.5	0.5	0.5	1		17623400e3	0.463	159.4	294.0	186.1	181.2
surtur	saturn	0.5	0.5	0.5	1		22748000e3	0.448	168.4	255.3	314.4	9.9
jarnsaxa	saturn	0.5	0.5	0.5	1		19273500e3	0.218	163.0	9.2	229.2	175.5
greip	saturn	0.5	0.5	0.5	1		18380000e3	0.317	174.2	335.8	146.2	355.9
tarqeq	saturn	0.5	0.5	0.5	1		17751000e3	0.144	48.7	93.3	72.2	292.8
gridr	saturn	0.5	0.5	0.5	1		19250600e3	0.187	163.9	330.8	271.4	197.0
angrboda	saturn	0.5	0.5	0.5	1		20591500e3	0.216	177.7	279.1	104.2	263.0
skrymir	saturn	0.5	0.5	0.5	1		21447400e3	0.437	175.6	177.7	68.1	68.9
gerd	saturn	0.5	0.5	0.5	1		20947500e3	0.517	174.4	260.4	307.2	49.5
s2004_s_26	saturn	0.5	0.5	0.5	1		26097500e3	0.147	172.9	328.8	148.4	193.6
eggther	saturn	0.5	0.5	0.5	1		19844600e3	0.157	165.0	84.5	130.1	111.7
s2004_s_29	saturn	0.5	0.5	0.5	1		17063900e3	0.485	38.6	157.9	309.5	244.1
beli	saturn	0.5	0.5	0.5	1		20703700e3	0.087	158.9	258.7	263.5	191.7
gunnlod	saturn	0.5	0.5	0.5	1		21141800e3	0.251	160.4	293.3	24.7	311.4
thiazzi	saturn	0.5	0.5	0.5	1		23577500e3	0.511	158.8	73.1	303.2	334.7
s2004_s_34	saturn	0.5	0.5	0.5	1		24145800e3	0.279	168.3	292.6	354.5	160.0
alvaldi	saturn	0.5	0.5	0.5	1		21993800e3	0.238	177.4	321.8	188.1	38.3
geirrod	saturn	0.5	0.5	0.5	1		22259400e3	0.539	154.4	127.9	349.6	202.2
s2004_s_31	saturn	0.5	0.5	0.5	1		17497100e3	0.159	48.0	82.5	253.9	261.8
s2004_s_24	saturn	0.5	0.5	0.5	1		23338200e3	0.071	37.4	354.0	338.4	122.1
s2004_s_28	saturn	0.5	0.5	0.5	1		21865900e3	0.159	167.9	128.8	191.9	95.8
s2004_s_21	saturn	0.5	0.5	0.5	1		23160900e3	0.394	153.2	112.3	174.9	198.7
s2004_s_36	saturn	0.5	0.5	0.5	1		23390800e3	0.625	153.3	212.7	213.4	132.0
s2004_s_37	saturn	0.5	0.5	0.5	1		15956300e3	0.448	158.2	135.3	72.4	187.6
s2004_s_39	saturn	0.5	0.5	0.5	1		23192400e3	0.100	165.9	168.9	223.3	83.8
s2004_s_7	saturn	0.5	0.5	0.5	1		21327600e3	0.511	164.8	323.8	54.9	116.9
s2004_s_12	saturn	0.5	0.5	0.5	1		19801000e3	0.337	164.7	306.0	88.1	10.9
s2004_s_13	saturn	0.5	0.5	0.5	1		18453700e3	0.265	169.0	217.8	355.4	51.9
s2004_s_17	saturn	0.5	0.5	0.5	1		19699000e3	0.162	167.9	12.5	184.5	227.6
s2006_s_1	saturn	0.5	0.5	0.5	1		18746300e3	0.105	156.1	333.6	159.7	86.3
s2006_s_3	saturn	0.5	0.5	0.5	1		21353100e3	0.432	156.1	213.3	191.6	125.3
s2007_s_2	saturn	0.5	0.5	0.5	1		15939100e3	0.232	174.0	107.3	46.4	10.0
s2007_s_3	saturn	0.5	0.5	0.5	1		19614400e3	0.150	173.8	99.3	323.1	304.5
s2019_s_1	saturn	0.5	0.5	0.5	1		11245400e3	0.383	49.5	185.6	86.6	36.5
s2019_s_2	saturn	0.5	0.5	0.5	1		16560300e3	0.279	173.3	95.3	103.2	185.1
s2019_s_3	saturn	0.5	0.5	0.5	1		17077400e3	0.248	166.9	243.9	129.2	150.3
s2020_s_1	saturn	0.5	0.5	0.5	1		11338600e3	0.337	48.2	161.7	73.2	2.1
s2020_s_2	saturn	0.5	0.5	0.5	1		17869000e3	0.152	170.7	96.2	130.7	19.2
s2004_s_40	saturn	0.5	0.5	0.5	1		16075600e3	0.297	169.2	37.9	127.5	291.4
s2006_s_9	saturn	0.5	0.5	0.5	1		14406700e3	0.249	173.0	36.0	341.9	65.2
s2007_s_5	saturn	0.5	0.5	0.5	1		15835600e3	0.104	158.4	128.9	44.4	23.2
s2020_s_3	saturn	0.5	0.5	0.5	1		18056800e3	0.142	46.0	216.8	317.6	135.8
s2019_s_4	saturn	0.5	0.5	0.5	1		17951900e3	0.408	170.1	301.4	247.0	217.8
s2004_s_41	saturn	0.5	0.5	0.5	1		18095400e3	0.301	165.7	43.6	232.6	343.6
s2020_s_4	saturn	0.5	0.5	0.5	1		18236400e3	0.496	40.1	67.8	157.7	178.7
s2020_s_5	saturn	0.5	0.5	0.5	1		18391000e3	0.220	48.2	214.9	285.7	232.0
s2007_s_6	saturn	0.5	0.5	0.5	1		18545000e3	0.168	166.5	324.1	19.2	347.8
s2004_s_42	saturn	0.5	0.5	0.5	1		18240700e3	0.158	165.7	3.9	107.2	325.2
s2006_s_10	saturn	0.5	0.5	0.5	1		18979900e3	0.151	161.6	350.8	79.7	173.5
s2019_s_5	saturn	0.5	0.5	0.5	1		19090100e3	0.216	158.8	271.1	321.5	59.4
s2004_s_43	saturn	0.5	0.5	0.5	1		18935700e3	0.432	171.1	191.9	234.0	14.5
s2004_s_44	saturn	0.5	0.5	0.5	1		19515400e3	0.129	167.7	39.5	176.4	292.8
s2004_s_45	saturn	0.5	0.5	0.5	1		19693700e3	0.551	154.0	306.0	350.6	75.7
s2006_s_11	saturn	0.5	0.5	0.5	1		19711900e3	0.143	174.1	254.4	159.9	353.1
s2006_s_12	saturn	0.5	0.5	0.5	1		19570300e3	0.542	38.6	155.1	78.1	249.6
s2019_s_6	saturn	0.5	0.5	0.5	1		18205600e3	0.120	46.4	154.2	286.9	185.7
s2006_s_13	saturn	0.5	0.5	0.5	1		19953300e3	0.313	162.0	44.4	254.7	248.5
s2019_s_7	saturn	0.5	0.5	0.5	1		20185100e3	0.233	174.2	226.6	6.3	336.0
s2019_s_8	saturn	0.5	0.5	0.5	1		20287400e3	0.311	172.8	168.6	144.6	31.8
s2019_s_9	saturn	0.5	0.5	0.5	1		20359700e3	0.433	159.5	114.2	316.4	244.7
s2004_s_46	saturn	0.5	0.5	0.5	1		20513800e3	0.249	177.2	281.1	298.1	209.2
s2019_s_10	saturn	0.5	0.5	0.5	1		20700300e3	0.248	163.9	274.7	352.9	149.5
s2004_s_47	saturn	0.5	0.5	0.5	1		16050700e3	0.291	160.9	294.8	295.4	25.2
s2019_s_11	saturn	0.5	0.5	0.5	1		20664200e3	0.513	144.6	327.6	28.2	190.5
s2006_s_14	saturn	0.5	0.5	0.5	1		21062300e3	0.060	166.7	274.4	136.1	264.7
s2019_s_12	saturn	0.5	0.5	0.5	1		20895000e3	0.476	167.1	324.7	240.2	221.1
s2020_s_6	saturn	0.5	0.5	0.5	1		21253300e3	0.480	166.9	7.0	27.9	271.2
s2019_s_13	saturn	0.5	0.5	0.5	1		20964500e3	0.318	177.3	302.5	219.8	138.5
s2005_s_4	saturn	0.5	0.5	0.5	1		11324500e3	0.315	48.0	169.4	107.1	247.1
s2007_s_7	saturn	0.5	0.5	0.5	1		15931600e3	0.217	169.3	3.8	149.6	63.4
s2007_s_8	saturn	0.5	0.5	0.5	1		17048900e3	0.490	36.2	202.2	258.7	6.3
s2020_s_7	saturn	0.5	0.5	0.5	1		17394000e3	0.500	161.4	175.7	298.8	215.8
s2019_s_14	saturn	0.5	0.5	0.5	1		17852800e3	0.172	46.2	149.6	303.2	240.9
s2019_s_15	saturn	0.5	0.5	0.5	1		21191100e3	0.257	157.8	22.0	17.9	302.9
s2005_s_5	saturn	0.5	0.5	0.5	1		21364900e3	0.588	169.5	84.7	284.6	9.9
s2006_s_15	saturn	0.5	0.5	0.5	1		21799600e3	0.117	161.1	12.2	224.8	313.6
s2006_s_16	saturn	0.5	0.5	0.5	1		21721200e3	0.204	164.1	165.4	282.9	62.5
s2006_s_17	saturn	0.5	0.5	0.5	1		22384200e3	0.425	168.7	274.1	149.4	206.6
s2004_s_48	saturn	0.5	0.5	0.5	1		22137400e3	0.374	161.9	194.7	286.6	195.0
s2020_s_8	saturn	0.5	0.5	0.5	1		21967200e3	0.252	161.8	41.8	45.0	181.2
s2004_s_49	saturn	0.5	0.5	0.5	1		22399400e3	0.453	159.8	221.2	199.0	19.2
s2004_s_50	saturn	0.5	0.5	0.5	1		22345000e3	0.450	164.0	175.9	197.8	71.5
s2006_s_18	saturn	0.5	0.5	0.5	1		22760600e3	0.131	169.5	47.6	62.5	14.5
s2019_s_16	saturn	0.5	0.5	0.5	1		23265200e3	0.250	162.0	206.7	280.6	351.8
s2019_s_17	saturn	0.5	0.5	0.5	1		22722700e3	0.546	155.5	125.3	317.0	40.5
s2019_s_18	saturn	0.5	0.5	0.5	1		23139500e3	0.509	154.6	230.6	304.5	340.4
s2019_s_19	saturn	0.5	0.5	0.5	1		23044400e3	0.458	151.8	248.3	305.8	335.8
s2019_s_20	saturn	0.5	0.5	0.5	1		23677900e3	0.354	156.0	176.6	198.6	281.1
s2006_s_19	saturn	0.5	0.5	0.5	1		23800500e3	0.467	175.5	281.1	19.2	195.9
s2004_s_51	saturn	0.5	0.5	0.5	1		25207100e3	0.201	171.2	293.7	73.4	85.1
s2020_s_9	saturn	0.5	0.5	0.5	1		25408700e3	0.531	161.4	15.0	171.0	46.4
s2004_s_52	saturn	0.5	0.5	0.5	1		26446400e3	0.291	165.4	204.7	292.6	333.0
s2007_s_9	saturn	0.5	0.5	0.5	1		20174600e3	0.360	159.3	269.4	125.3	240.3
s2004_s_53	saturn	0.5	0.5	0.5	1		23279800e3	0.240	162.6	215.7	284.3	37.3
s2020_s_10	saturn	0.5	0.5	0.5	1		25315300e3	0.296	165.6	243.6	213.5	158.8
s2019_s_21	saturn	0.5	0.5	0.5	1		26439500e3	0.155	171.9	342.8	16.7	346.4
s2006_s_20	saturn	0.5	0.5	0.5	1		13193700e3	0.206	173.1	60.9	77.4	153.1
s2004_s_54	saturn	0.5	0.5	0.5	1		11277500e3	0.373	48.1	80.2	108.4	69.3
s2004_s_55	saturn	0.5	0.5	0.5	1		11294700e3	0.260	48.9	196.6	80.0	59.6
s2004_s_56	saturn	0.5	0.5	0.5	1		13670200e3	0.339	161.6	343.2	96.4	165.7
s2004_s_57	saturn	0.5	0.5	0.5	1		18150500e3	0.263	167.9	39.1	60.9	202.7
s2004_s_58	saturn	0.5	0.5	0.5	1		18254500e3	0.249	45.7	284.5	120.0	180.1
s2004_s_59	saturn	0.5	0.5	0.5	1		19170700e3	0.262	167.3	125.2	222.1	282.6
s2004_s_60	saturn	0.5	0.5	0.5	1		19517000e3	0.280	173.8	321.7	264.3	357.6
s2004_s_61	saturn	0.5	0.5	0.5	1		20986900e3	0.466	168.4	176.4	40.4	175.6
s2005_s_6	saturn	0.5	0.5	0.5	1		18107300e3	0.084	47.7	166.5	77.4	163.4
s2005_s_7	saturn	0.5	0.5	0.5	1		18502500e3	0.565	34.6	269.8	132.7	181.1
s2006_s_21	saturn	0.5	0.5	0.5	1		14976500e3	0.204	169.8	328.3	157.4	40.7
s2006_s_22	saturn	0.5	0.5	0.5	1		15109500e3	0.246	172.0	231.1	71.7	254.1
s2006_s_23	saturn	0.5	0.5	0.5	1		18269700e3	0.190	43.8	257.1	72.5	309.9
s2006_s_24	saturn	0.5	0.5	0.5	1		18210700e3	0.352	165.9	204.8	39.8	10.3
s2006_s_25	saturn	0.5	0.5	0.5	1		18572400e3	0.303	158.8	277.4	130.1	348.5
s2006_s_26	saturn	0.5	0.5	0.5	1		18619300e3	0.248	171.9	147.8	2.5	201.0
s2006_s_27	saturn	0.5	0.5	0.5	1		19205700e3	0.140	170.5	3.7	91.6	6.1
s2006_s_28	saturn	0.5	0.5	0.5	1		21955100e3	0.210	172.9	152.8	242.2	98.4
s2006_s_29	saturn	0.5	0.5	0.5	1		25212100e3	0.239	156.2	82.4	301.4	101.5
s2007_s_10	saturn	0.5	0.5	0.5	1		11364900e3	0.367	45.8	287.1	94.2	23.6
s2007_s_11	saturn	0.5	0.5	0.5	1		17434400e3	0.499	35.5	53.9	348.9	233.9
s2019_s_22	saturn	0.5	0.5	0.5	1		11305100e3	0.369	47.3	21.1	100.5	223.0
s2019_s_23	saturn	0.5	0.5	0.5	1		11310200e3	0.255	48.7	356.3	81.5	1.0
s2019_s_24	saturn	0.5	0.5	0.5	1		11360500e3	0.345	46.7	205.3	74.7	79.3
s2019_s_25	saturn	0.5	0.5	0.5	1		11329400e3	0.271	48.1	213.7	73.9	358.9
s2019_s_26	saturn	0.5	0.5	0.5	1		11390900e3	0.365	48.1	119.7	111.3	164.1
s2019_s_27	saturn	0.5	0.5	0.5	1		16267000e3	0.420	162.1	115.1	97.2	152.1
s2019_s_28	saturn	0.5	0.5	0.5	1		17496000e3	0.199	158.4	268.3	95.6	307.9
s2019_s_29	saturn	0.5	0.5	0.5	1		17353900e3	0.441	37.7	306.9	332.7	133.8
s2019_s_30	saturn	0.5	0.5	0.5	1		17709900e3	0.107	168.3	356.8	5.3	187.8
s2019_s_31	saturn	0.5	0.5	0.5	1		17739100e3	0.488	39.8	173.7	37.8	35.2
s2019_s_32	saturn	0.5	0.5	0.5	1		17960500e3	0.276	46.2	218.1	281.4	20.1
s2019_s_33	saturn	0.5	0.5	0.5	1		18696100e3	0.289	170.4	186.4	46.9	245.6
s2019_s_34	saturn	0.5	0.5	0.5	1		18446800e3	0.536	37.6	169.4	226.7	78.5
s2019_s_35	saturn	0.5	0.5	0.5	1		18557800e3	0.577	157.3	63.3	181.1	259.0
s2019_s_36	saturn	0.5	0.5	0.5	1		19903200e3	0.161	166.9	353.4	278.1	145.8
s2019_s_37	saturn	0.5	0.5	0.5	1		19996900e3	0.404	149.9	273.4	355.3	135.8
s2019_s_38	saturn	0.5	0.5	0.5	1		21998400e3	0.399	163.0	216.6	303.7	138.3
s2019_s_39	saturn	0.5	0.5	0.5	1		23784500e3	0.098	174.5	273.1	327.0	92.5
s2019_s_40	saturn	0.5	0.5	0.5	1		24087800e3	0.088	161.8	44.4	242.4	347.6
s2019_s_41	saturn	0.5	0.5	0.5	1		24493600e3	0.257	157.1	11.4	40.0	320.7
s2019_s_42	saturn	0.5	0.5	0.5	1		24111600e3	0.121	163.2	318.2	84.5	351.4
s2019_s_43	saturn	0.5	0.5	0.5	1		26664100e3	0.277	165.3	116.0	108.2	306.2
s2019_s_44	saturn	0.5	0.5	0.5	1		26796900e3	0.512	172.6	223.0	332.7	330.6
s2020_s_11	saturn	0.5	0.5	0.5	1		11295600e3	0.372	48.2	94.2	110.4	95.9
s2020_s_12	saturn	0.5	0.5	0.5	1		11314500e3	0.260	50.8	70.5	81.2	350.8
s2020_s_13	saturn	0.5	0.5	0.5	1		11415600e3	0.373	48.0	41.6	96.4	230.4
s2020_s_14	saturn	0.5	0.5	0.5	1		16186200e3	0.313	161.7	355.4	54.7	209.3
s2020_s_15	saturn	0.5	0.5	0.5	1		16729200e3	0.462	37.1	338.2	275.8	141.7
s2020_s_16	saturn	0.5	0.5	0.5	1		16963400e3	0.405	167.3	268.6	73.1	185.2
s2020_s_17	saturn	0.5	0.5	0.5	1		17094200e3	0.378	148.9	210.9	287.2	359.0
s2020_s_18	saturn	0.5	0.5	0.5	1		17777900e3	0.180	168.9	204.0	165.9	218.7
s2020_s_19	saturn	0.5	0.5	0.5	1		17726700e3	0.159	48.1	56.1	65.5	80.4
s2020_s_20	saturn	0.5	0.5	0.5	1		17997300e3	0.133	169.8	92.9	230.5	330.0
s2020_s_21	saturn	0.5	0.5	0.5	1		18862100e3	0.307	169.9	328.3	188.0	95.5
s2020_s_22	saturn	0.5	0.5	0.5	1		19443000e3	0.059	161.3	271.4	38.4	128.8
s2020_s_23	saturn	0.5	0.5	0.5	1		19801500e3	0.089	165.0	153.6	61.5	65.1
s2020_s_24	saturn	0.5	0.5	0.5	1		20618300e3	0.230	159.6	42.2	114.8	301.4
s2020_s_25	saturn	0.5	0.5	0.5	1		20763700e3	0.316	171.8	242.2	329.0	318.1
s2020_s_26	saturn	0.5	0.5	0.5	1		21264400e3	0.273	163.2	252.9	143.0	141.3
s2020_s_27	saturn	0.5	0.5	0.5	1		21802300e3	0.255	145.3	324.5	314.6	32.0
s2020_s_28	saturn	0.5	0.5	0.5	1		21993700e3	0.474	160.1	60.9	226.7	2.2
s2020_s_29	saturn	0.5	0.5	0.5	1		22301400e3	0.047	169.1	255.9	298.7	115.9
s2020_s_30	saturn	0.5	0.5	0.5	1		21790700e3	0.601	154.2	132.1	352.3	60.3
s2020_s_31	saturn	0.5	0.5	0.5	1		22457300e3	0.238	163.8	148.1	196.2	0.1
s2020_s_32	saturn	0.5	0.5	0.5	1		21884100e3	0.502	169.1	351.6	198.2	88.9
s2020_s_33	saturn	0.5	0.5	0.5	1		22922500e3	0.555	162.8	161.7	4.3	165.2
s2020_s_34	saturn	0.5	0.5	0.5	1		22435600e3	0.154	160.6	7.7	162.8	116.4
s2020_s_35	saturn	0.5	0.5	0.5	1		23030300e3	0.225	174.9	344.7	19.8	98.0
s2020_s_36	saturn	0.5	0.5	0.5	1		22806200e3	0.336	168.8	26.9	139.7	216.1
s2020_s_37	saturn	0.5	0.5	0.5	1		23751800e3	0.344	174.8	25.1	211.7	182.3
s2020_s_38	saturn	0.5	0.5	0.5	1		23583900e3	0.513	159.7	284.0	246.3	99.4
s2020_s_39	saturn	0.5	0.5	0.5	1		24262400e3	0.305	160.1	318.8	28.9	165.2
s2020_s_40	saturn	0.5	0.5	0.5	1		23785900e3	0.412	167.3	250.5	99.4	64.0
s2020_s_41	saturn	0.5	0.5	0.5	1		25876400e3	0.402	160.2	28.3	224.9	63.1
s2020_s_42	saturn	0.5	0.5	0.5	1		25329400e3	0.506	157.5	15.4	59.1	278.4
s2020_s_43	saturn	0.5	0.5	0.5	1		26657400e3	0.203	164.6	68.7	257.0	252.6
s2020_s_44	saturn	0.5	0.5	0.5	1		27259400e3	0.199	168.5	28.0	283.8	318.0
s2023_s_1	saturn	0.5	0.5	0.5	1		11205400e3	0.386	48.8	159.6	296.8	263.4
s2023_s_2	saturn	0.5	0.5	0.5	1		11309900e3	0.339	45.7	253.8	117.3	257.2
s2023_s_3	saturn	0.5	0.5	0.5	1		17646400e3	0.178	46.9	93.7	264.0	272.6
s2023_s_4	saturn	0.5	0.5	0.5	1		17764600e3	0.276	170.0	264.4	9.5	123.9
s2023_s_5	saturn	0.5	0.5	0.5	1		25583500e3	0.599	168.8	235.0	94.9	334.2
s2023_s_6	saturn	0.5	0.5	0.5	1		11953100e3	0.336	47.4	54.4	103.7	133.4
s2023_s_7	saturn	0.5	0.5	0.5	1		12133700e3	0.284	44.7	289.7	102.5	102.3
s2023_s_8	saturn	0.5	0.5	0.5	1		14018800e3	0.122	166.9	240.1	278.8	149.6
s2023_s_9	saturn	0.5	0.5	0.5	1		13167500e3	0.141	172.2	324.8	209.8	285.2
s2023_s_10	saturn	0.5	0.5	0.5	1		15500200e3	0.302	163.0	308.1	124.7	70.9
s2023_s_11	saturn	0.5	0.5	0.5	1		14046100e3	0.300	170.9	193.0	76.1	334.2
s2023_s_12	saturn	0.5	0.5	0.5	1		15805900e3	0.601	168.8	301.0	182.5	339.7
s2023_s_13	saturn	0.5	0.5	0.5	1		15193000e3	0.179	168.5	134.2	107.5	173.9
s2023_s_14	saturn	0.5	0.5	0.5	1		16853000e3	0.497	171.6	291.7	351.4	62.7
s2023_s_15	saturn	0.5	0.5	0.5	1		18241300e3	0.549	161.9	276.6	123.2	159.7
s2023_s_16	saturn	0.5	0.5	0.5	1		17005300e3	0.270	162.6	270.6	116.9	80.0
s2023_s_17	saturn	0.5	0.5	0.5	1		17385300e3	0.498	35.9	240.7	246.7	128.1
s2023_s_18	saturn	0.5	0.5	0.5	1		17381700e3	0.448	36.7	78.1	280.0	169.7
s2023_s_19	saturn	0.5	0.5	0.5	1		17590300e3	0.092	48.2	50.1	205.4	325.5
s2023_s_20	saturn	0.5	0.5	0.5	1		17261000e3	0.442	136.5	112.7	322.1	200.6
s2023_s_21	saturn	0.5	0.5	0.5	1		17755400e3	0.077	157.3	124.2	341.9	38.7
s2023_s_22	saturn	0.5	0.5	0.5	1		18577500e3	0.182	47.5	121.8	266.5	4.2
s2023_s_23	saturn	0.5	0.5	0.5	1		18783700e3	0.350	164.8	187.0	91.2	81.8
s2023_s_24	saturn	0.5	0.5	0.5	1		18351800e3	0.374	169.7	1.4	319.7	54.4
s2023_s_25	saturn	0.5	0.5	0.5	1		19136600e3	0.281	166.4	216.6	293.8	186.2
s2023_s_26	saturn	0.5	0.5	0.5	1		19894300e3	0.306	163.9	147.4	108.2	132.2
s2023_s_27	saturn	0.5	0.5	0.5	1		19820100e3	0.652	151.1	306.6	117.0	91.2
s2023_s_28	saturn	0.5	0.5	0.5	1		19881000e3	0.575	168.7	59.6	2.3	189.6
s2023_s_29	saturn	0.5	0.5	0.5	1		20042400e3	0.141	172.2	227.4	47.0	162.8
s2023_s_30	saturn	0.5	0.5	0.5	1		18238300e3	0.493	142.4	250.0	191.3	2.7
s2023_s_31	saturn	0.5	0.5	0.5	1		20729200e3	0.182	163.0	261.1	240.9	308.7
s2023_s_32	saturn	0.5	0.5	0.5	1		20454400e3	0.037	169.8	195.2	90.3	30.0
s2023_s_33	saturn	0.5	0.5	0.5	1		21621900e3	0.665	155.8	209.3	258.6	49.1
s2023_s_34	saturn	0.5	0.5	0.5	1		20803900e3	0.570	168.4	303.0	275.5	293.6
s2023_s_35	saturn	0.5	0.5	0.5	1		22269700e3	0.151	168.5	340.9	165.5	92.9
s2023_s_36	saturn	0.5	0.5	0.5	1		22230600e3	0.359	166.3	325.1	157.0	312.2
s2023_s_37	saturn	0.5	0.5	0.5	1		19889800e3	0.215	172.3	63.4	241.2	244.7
s2023_s_38	saturn	0.5	0.5	0.5	1		12823500e3	0.909	149.2	63.4	241.2	244.7
s2023_s_39	saturn	0.5	0.5	0.5	1		20824500e3	0.124	164.8	118.3	351.9	345.1
s2023_s_40	saturn	0.5	0.5	0.5	1		21065100e3	0.342	169.6	271.4	334.7	3.6
s2023_s_41	saturn	0.5	0.5	0.5	1		21286400e3	0.279	172.1	7.2	323.0	29.1
s2023_s_42	saturn	0.5	0.5	0.5	1		21837000e3	0.059	166.7	355.1	33.2	315.9
s2023_s_43	saturn	0.5	0.5	0.5	1		22563900e3	0.264	170.3	247.3	218.0	92.7
s2023_s_44	saturn	0.5	0.5	0.5	1		19292400e3	0.434	167.4	179.9	166.3	232.9
s2023_s_45	saturn	0.5	0.5	0.5	1		23438400e3	0.633	157.4	102.2	334.1	336.8
s2023_s_46	saturn	0.5	0.5	0.5	1		24708900e3	0.336	143.2	306.8	100.4	230.0
s2023_s_47	saturn	0.5	0.5	0.5	1		25102300e3	0.101	162.5	208.4	257.3	97.5
s2023_s_48	saturn	0.5	0.5	0.5	1		20029200e3	0.022	169.7	338.7	108.2	315.6
s2023_s_49	saturn	0.5	0.5	0.5	1		21766500e3	0.026	171.7	193.8	110.7	82.5
s2023_s_50	saturn	0.5	0.5	0.5	1		11656500e3	0.263	166.1	29.0	326.3	79.8
s2020_s_45	saturn	0.5	0.5	0.5	1		23507700e3	0.199	172.8	183.1	195.7	190.2
s2020_s_46	saturn	0.5	0.5	0.5	1		18892100e3	0.207	167.3	323.4	331.2	16.0
s2020_s_47	saturn	0.5	0.5	0.5	1		21397400e3	0.564	146.1	351.6	5.4	283.9
s2020_s_48	saturn	0.5	0.5	0.5	1		11355100e3	0.373	45.9	253.5	114.9	21.9
s2023_s_51	saturn	0.5	0.5	0.5	1		23431500e3	0.191	163.3	213.5	303.4	310.9
s2023_s_52	saturn	0.5	0.5	0.5	1		22528000e3	0.124	146.2	42.8	88.7	267.3
s2023_s_53	saturn	0.5	0.5	0.5	1		17181100e3	0.103	171.2	314.6	55.0	179.0
s2023_s_54	saturn	0.5	0.5	0.5	1		17485100e3	0.480	37.8	120.8	60.4	48.2
s2023_s_55	saturn	0.5	0.5	0.5	1		16875100e3	0.491	35.9	191.1	60.8	68.8
s2023_s_56	saturn	0.5	0.5	0.5	1		11287500e3	0.358	45.4	271.0	89.8	341.9
s2023_s_57	saturn	0.5	0.5	0.5	1		20536100e3	0.245	168.0	86.3	183.5	318.0
ariel	uranus	0.5	0.5	0.5	1	1.25106724651261e21	190929e3	0.001	0.0	0.0	9.6	193.5
umbriel	uranus	0.5	0.5	0.5	1	1.27503979255357e21	265986e3	0.004	0.1	174.8	183.4	253.0
titania	uranus	0.5	0.5	0.5	1	3.39960668543367e21	436298e3	0.002	0.1	29.5	184.0	68.1
oberon	uranus	0.5	0.5	0.5	1	3.07597731388071e21	583511e3	0.002	0.1	76.8	132.2	143.6
miranda	uranus	0.5	0.5	0.5	1	6.44262174850807e19	129846e3	0.001	4.4	100.9	154.8	73.0
puck	uranus	0.5	0.5	0.5	1		86004e3	0.000	0.3	216.1	0.0	50.1
cordelia	uranus	0.5	0.5	0.5	1		49755e3	0.000	0.2	1.1	0.0	287.4
ophelia	uranus	0.5	0.5	0.5	1		53765e3	0.011	0.2	151.6	19.3	213.4
bianca	uranus	0.5	0.5	0.5	1		59170e3	0.006	2.3	272.5	328.0	109.1
cressida	uranus	0.5	0.5	0.5	1		61770e3	0.004	1.8	308.2	87.9	0.5
desdemona	uranus	0.5	0.5	0.5	1		62663e3	0.007	3.1	283.9	137.0	230.0
juliet	uranus	0.5	0.5	0.5	1		64362e3	0.006	3.0	141.0	274.9	319.8
portia	uranus	0.5	0.5	0.5	1		66101e3	0.004	2.7	146.7	31.6	310.1
rosalind	uranus	0.5	0.5	0.5	1		69930e3	0.003	1.7	330.0	231.8	287.7
belinda	uranus	0.5	0.5	0.5	1		75258e3	0.002	1.4	96.2	58.6	226.4
puck	uranus	0.5	0.5	0.5	1		86007e3	0.009	1.1	111.2	337.0	264.1
perdita	uranus	0.5	0.5	0.5	1		76418e3	0.005	1.6	270.4	296.9	168.0
mab	uranus	0.5	0.5	0.5	1		97737e3	0.006	1.8	307.8	318.6	250.8
cupid	uranus	0.5	0.5	0.5	1		74396e3	0.007	2.0	31.1	168.0	3.3
s2025_u_1	uranus	0.5	0.5	0.5	1		57844e3	0.039	4.0	70.8	313.9	275.6
caliban	uranus	0.5	0.5	0.5	1		7167000e3	0.200	141.4	174.9	349.7	241.2
sycorax	uranus	0.5	0.5	0.5	1		12193200e3	0.520	157.0	267.1	25.4	332.1
prospero	uranus	0.5	0.5	0.5	1		16221000e3	0.441	149.4	324.5	180.4	197.6
setebos	uranus	0.5	0.5	0.5	1		17519800e3	0.579	153.9	244.7	356.1	148.0
stephano	uranus	0.5	0.5	0.5	1		7951400e3	0.235	143.6	193.3	17.1	164.4
trinculo	uranus	0.5	0.5	0.5	1		8502600e3	0.220	167.1	196.5	162.2	55.6
francisco	uranus	0.5	0.5	0.5	1		4275700e3	0.144	146.8	101.9	137.6	288.4
margaret	uranus	0.5	0.5	0.5	1		14425000e3	0.642	60.5	0.9	90.7	115.9
ferdinand	uranus	0.5	0.5	0.5	1		20421400e3	0.395	169.2	223.9	166.9	172.3
s2023_u1	uranus	0.5	0.5	0.5	1		7976600e3	0.250	143.9	260.2	158.7	101.8
triton	neptune	0.5	0.5	0.5	1	2.14029207e22	354800e3	0.000	157.3	178.1	0.0	63.0
naiad	neptune	0.5	0.5	0.5	1		48200e3	0.000	4.7	41.4	0.0	89.7
thalassa	neptune	0.5	0.5	0.5	1		50100e3	0.000	0.2	130.6	0.0	165.7
despina	neptune	0.5	0.5	0.5	1		52500e3	0.000	0.0	0.0	0.0	125.1
galatea	neptune	0.5	0.5	0.5	1		62000e3	0.000	0.0	0.0	0.0	86.7
larissa	neptune	0.5	0.5	0.5	1		73500e3	0.001	0.2	312.0	247.3	165.5
proteus	neptune	0.5	0.5	0.5	1		117600e3	0.000	0.0	0.0	0.0	276.8
hippocamp	neptune	0.5	0.5	0.5	1		105300e3	0.001	0.3	0.5	346.4	286.5
nereid	neptune	0.5	0.5	0.5	1		5513900e3	0.751	5.1	319.5	296.8	318.5
halimede	neptune	0.5	0.5	0.5	1		16590500.e3	0.521	119.6	198.5	157.9	135.8
psamathe	neptune	0.5	0.5	0.5	1		47646600.e3	0.413	127.8	302.9	148.2	183.2
sao	neptune	0.5	0.5	0.5	1		22239900.e3	0.296	50.2	41.8	93.5	178.5
laomedeia	neptune	0.5	0.5	0.5	1		23499900.e3	0.419	36.9	57.6	146.2	248.1
neso	neptune	0.5	0.5	0.5	1		49897800.e3	0.455	128.4	55.4	89.8	13.8
s2002_n5	neptune	0.5	0.5	0.5	1			0.433	46.3	258.3	59.1	303.2
s2021_n1	neptune	0.5	0.5	0.5	1		50700200.e3	0.503	135.2	258.9	90.4	237.1
pluto	pluto-charon	1	0.5	0.5	1	13024.6e18	2126e3	0	0.0	0.0	0	-304.1
charon	pluto-charon	1	0.5	0.5	1	1.589e21	19600.e3	0.000	0.0	0.0	0.0	304.1
styx	pluto-charon	0.5	0.5	0.5	1	4e15	43200.e3	0.025	0.0	0.0	322.5	358.1
nix	pluto-charon	0.5	0.5	0.5	1	2.2e16	49300.e3	0.015	0.0	0.0	31.4	338.2
kerberos	pluto-charon	0.5	0.5	0.5	1	3e15	58300.e3	0.010	0.4	314.3	32.1	276.1
hydra	pluto-charon	0.5	0.5	0.5	1	3e16	65200.e3	0.009	0.3	114.3	139.3	335.0
